{
  "id": "fullseriehd",
  "name": "FullSerieHD",
  "active": true,
  "force_unify": true,
  "adult": false,
  "language": ["cast"],
  "thumbnail": "https://fullseriehd.com/wp-content/uploads/2019/04/logo-fullserieshd-3.png",
  "banner": "",
  "categories": [
    "tvshow",
    "vos"
  ],
  "settings": [
    {
      "id": "include_in_global_search",
      "type": "bool",
      "label": "Incluir en busqueda global",
      "default": false,
      "enabled": false,
      "visible": false
    },
    {
      "id": "filter_languages",
      "type": "list",
      "label": "Mostrar enlaces en idioma...",
      "default": 0,
      "enabled": true,
      "visible": true,
      "lvalues": [
        "No filtrar",
        "CAST",
        "LAT",
        "VOSE"
      ]
    },
    {
      "id": "full_title",
      "type": "bool",
      "label": "Mostrar titulo detallado (num temporadas, episodios)",
      "default": false,
      "enabled": true,
      "visible": true
    }
  ]
}