{
  "id": "peliculasaudiolatino",
  "name": "Peliculasaudiolatino",
  "active": false,
  "adult": false,
  "language": ["lat"],
  "thumbnail": "https://i.postimg.cc/mPfzh7TP/peliculasaudiolatino.png",
  "banner": "peliculasaudiolatino.png",
  "categories": [
    "movie"
  ],
  "settings": [
    {
      "id": "include_in_newest_latino",
      "type": "bool",
      "label": "Incluir en Novedades - Latino",
      "default": false,
      "enabled": true,
      "visible": true
    },
    {
      "id": "include_in_global_search",
      "type": "bool",
      "label": "Incluir en busqueda global",
      "default": false,
      "enabled": true,
      "visible": true
    },
    {
      "id": "include_in_newest_peliculas",
      "type": "bool",
      "label": "Incluir en Novedades - Peliculas",
      "default": false,
      "enabled": true,
      "visible": true
    },
    {
      "id": "include_in_newest_infantiles",
      "type": "bool",
      "label": "Incluir en Novedades - Infantiles",
      "default": false,
      "enabled": true,
      "visible": true
    },
    {
      "id": "include_in_newest_terror",
      "type": "bool",
      "label": "Incluir en Novedades - terror",
      "default": false,
      "enabled": true,
      "visible": true
    }
  ]
}
