{
"id": "seriemega",
  "name": "SerieMega",
  "active": false,
  "adult": false,
  "language": ["lat", "cast"],
  "thumbnail": "https://seriemega.me/wp-content/uploads/2020/08/default-monochrome-white-2.png",
  "banner": "",
  "categories": [
    "movie",
    "vos",
    "direct"
  ],
  "settings": [
    {
      "id": "include_in_global_search",
      "type": "bool",
      "label": "Incluir en busqueda global",
      "default": true,
      "enabled": true,
      "visible": true
    },
    {
      "id": "filter_languages",
      "type": "list",
      "label": "Mostrar enlaces en idioma...",
      "default": 0,
      "enabled": true,
      "visible": true,
      "lvalues": [
        "No filtrar",
        "Latino",
        "Castellano",
        "VOSE"
      ]
    },
    {
      "id": "include_in_newest_peliculas",
      "type": "bool",
      "label": "Incluir en Novedades - Peliculas",
      "default": true,
      "enabled": true,
      "visible": true
    }
  ]
}
