<?xml version="1.0" encoding="UTF-8"?>
    <addon id="aTiLaRePo" name="aTiLaRePo" version="0.3.5" provider-name="aTiLa">
        <requires>
            <import addon="xbmc.addon" version="12.0.0"/>
        </requires>
        <extension point="xbmc.addon.repository" name="aTiLaRePo">
            <info compressed="false">https://raw.githubusercontent.com/atilaprieto/aTiLaRePo/master/_repo/addons.xml</info>
            <checksum>https://raw.githubusercontent.com/atilaprieto/aTiLaRePo/master/_repo/addons.xml.md5</checksum>
            <datadir zip="true">https://raw.githubusercontent.com/atilaprieto/aTiLaRePo/master/_repo/</datadir>
            <hashes>false</hashes>
        </extension>
        <extension point="xbmc.addon.metadata">
            <summary>Respositorio de aTiLa</summary>
            <description>aTiLa Pri Repository</description>
            <platform>all</platform>
    </extension>
</addon>