<?xml version="1.0" encoding="UTF-8" standalone="yes"?>
<addon id="plugin.video.balandro" name="Balandro" version="1.4.14" provider-name="Balandro">

  <requires>
    <import addon="xbmc.python" version="2.1.0"/>
  </requires>

  <extension point="xbmc.python.pluginsource" library="default.py">
    <provides>video</provides>
  </extension>

  <extension point="xbmc.addon.metadata">
    <summary lang="es">Balandro addon</summary>
    <description lang="es">Balandro es un navegador para webs con vídeos de películas y series, derivado de pelisalacarta y alfa.</description>
    <disclaimer lang="es">[COLOR red]The owners and submitters to this addon do not host or distribute any of the content displayed by these addons nor do they have any affiliation with the content providers.[/COLOR]</disclaimer>

    <news>Últimas modificaciones de Balandro:

    Canales modificados: Allpeliculas, Cuevana3, Retroseriestv, Cliver, Gnula.
    Servidores modificados: Supervideo, Clipwatching, Mystream, Fembed, Vidtodo, Embedy, 
    Myvi, Mailru, Peertube.
    </news>

    <assets>
      <icon>icon.png</icon>
    </assets>

    <platform>all</platform>
    <license>GNU GPL v3</license>
    <forum>https://www.mimediacenter.info/foro/viewforum.php?f=44</forum>
    <website>https://balandro.tk</website>
    <email>my@email.com</email>
    <source>...</source>
  </extension>

  <extension point="xbmc.service" library="services.py" start="login|startup"/>

</addon>
