{
  "id": "pelismagnet",
  "name": "PelisMagnet",
  "active": true,
  "adult": false,
  "language": ["cast"],
  "thumbnail": "https://i.postimg.cc/D8b42x3V/pelismagnet.png",
  "banner": "pelismagnet.png",
  "categories": [
    "torrent",
    "movie",
    "tvshow",
    "documentary"
  ],
  "settings": [
    {
      "id": "include_in_global_search",
      "type": "bool",
      "label": "Incluir en busqueda global",
      "default": true,
      "enabled": true,
      "visible": true
    },
    {
      "id": "modo_grafico",
      "type": "bool",
      "label": "Buscar información extra en TMDB",
      "default": true,
      "enabled": true,
      "visible": true
    },
    {
      "id": "pseudo_titulos",
      "type": "bool",
      "label": "Desea ver Pseudo títulos de ayuda?",
      "default": true,
      "enabled": true,
      "visible": true
    },
    {
      "id": "auto_download_new",
      "type": "bool",
      "label": "Desea que se descarguen automáticamente los nuevos episodios de la Videoteca?",
      "default": false,
      "enabled": true,
      "visible": true
    },
    {
      "id": "filter_languages",
      "type": "list",
      "label": "Mostrar enlaces en idioma...",
      "default": 0,
      "enabled": true,
      "visible": true,
      "lvalues": [
        "No filtrar",
        "CAST",
        "LAT",
        "VO",
        "VOS",
        "VOSE"
      ]
    },
    {
      "id": "emergency_urls",
      "type": "list",
      "label": "Se quieren guardar Enlaces de Emergencia por si se cae la Web?",
      "default": 1,
      "enabled": true,
      "visible": true,
      "lvalues": [
        "No",
        "Guardar",
        "Borrar",
        "Actualizar"
      ]
    },
    {
      "id": "emergency_urls_torrents",
      "type": "bool",
      "label": "Se quieren guardar Torrents de Emergencia por si se cae la Web?",
      "default": true,
      "enabled": true,
      "visible": "!eq(-1,'No')"
    },
    {
      "id": "include_in_newest_torrent",
      "type": "bool",
      "label": "Incluir en Novedades - Torrent",
      "default": true,
      "enabled": true,
      "visible": true
    },
    {
      "id": "include_in_newest_peliculas",
      "type": "bool",
      "label": "Incluir en Novedades - Peliculas",
      "default": true,
      "enabled": true,
      "visible": true
    },
    {
      "id": "timeout_downloadpage",
      "type": "list",
      "label": "Timeout (segs.) en descarga de páginas o verificación de servidores",
      "default": 10,
      "enabled": true,
      "visible": true,
      "lvalues": [
        "None",
        "1",
        "2",
        "3",
        "4",
        "5",
        "6",
        "7",
        "8",
        "9",
        "10"
      ]
    }
  ]
}